<?xml version="1.0" encoding="UTF-8"?>
<project-private xmlns="http://www.netbeans.org/ns/project-private/1">
    <editor-bookmarks xmlns="http://www.netbeans.org/ns/editor-bookmarks/2" lastBookmarkId="0"/>
    <open-files xmlns="http://www.netbeans.org/ns/projectui-open-files/2">
        <group>
            <file>file:/D:/Anshul/Java/LinkedList/src/linkedlist/EmployeeNode.java</file>
            <file>file:/D:/Anshul/Java/LinkedList/src/linkedlist/Employee.java</file>
            <file>file:/D:/Anshul/Java/LinkedList/src/linkedlist/EmployeeLinkedList.java</file>
            <file>file:/D:/Anshul/Java/LinkedList/src/linkedlist/LinkedList.java</file>
        </group>
    </open-files>
</project-private>
